Code,Description,Code Type,Format Group,Format Subgroup,Category Group,Category Subgroup
acart,Framed Art: Adult/YA,ItemType,Media,Art,,
acbk,Book: Adult/YA,ItemType,Print,Book,,
accas,Audio Tape: Adult/YA,ItemType,Media,Audio Tape,,
accd,CD: Adult/YA,ItemType,Media,Audio Disc,,
accdrom,CD-ROM: Adult/YA,ItemType,Media,Data Disc,,
acdisk,Diskette: Adult/YA,ItemType,Media,Data Disc,,
acdvd,DVD: Adult/YA,ItemType,Media,Video Disc,,
aceq,Equipment: Adult/YA,ItemType,Equipment,,,
aceqnh,Equipment: Adult/YA No Hold,ItemType,Equipment,,,
acfold,Folder: Adult/YA,ItemType,Media,Kit,,
ackit,Kit: Adult/YA,ItemType,Media,Kit,,
acmap,Map: Adult/YA,ItemType,Print,,,
acmus,Music Score: Adult/ya,ItemType,Print,Music Score,,
acpam,Pamphlet: Adult/ya,ItemType,Print,,,
acper,Magazine: Adult/ya,ItemType,Print,Periodical,,
acphoto,Photographs: Adult/ya,ItemType,Media,Art,,
acpost,Poster: Adult/YA,ItemType,Media,Art,,
acrec,Record: Adult/YA,ItemType,Media,Audio Disc,,
acslide,Slides: Adult/YA,ItemType,Media,Film,,
acunkn,Other: Adult/YA,ItemType,Print,,,
acvhs,Video (VHS): Adult/YA,ItemType,Media,Video Tape,,
acvid,Video: Adult/YA,ItemType,Media,Video Tape,,
ahbk,Book: Adult/YA: No Hold,ItemType,Print,Book,,
ahmfc,Microfiche: Adult/YA No Hold,ItemType,Media,Film,,
ahmfm,Microfilm: Adult/YA No Hold,ItemType,Media,Film,,
alaptop,Laptop: Hourly Circulating,ItemType,Equipment,,,
alvhs,Video (VHS): Adult/YA,ItemType,Media,Video Tape,,
arbk,Book: Ref Adult/YA,ItemType,Print,Book,Reference,
arcas,Audio Tape: Ref Adult/YA,ItemType,Media,Audio Tape,Reference,
arcd,CD: Ref Adult/YA,ItemType,Media,Audio Disc,Reference,
arcdrom,CD-ROM: Ref Adult/YA,ItemType,Media,Data Disc,Reference,
ardisk,Diskette: Ref Adult/YA,ItemType,Media,Data Disc,Reference,
ardvd,DVD: Ref Adult/YA,ItemType,Media,Video Disc,Reference,
areq,Equipment: Ref Adult/YA,ItemType,Equipment,,Reference,
areqnh,Equipment (disabled) No Holds/No Loan,ItemType,Equipment,,Reference,
arkit,Kit: Ref Adult/YA,ItemType,Media,Kit,Reference,
armap,Map: Ref Adult/YA,ItemType,Print,,Reference,
armfc,Microfiche: Ref Adult/ya,ItemType,Media,Film,Reference,
armfm,Microfilm: Ref Adult/ya,ItemType,Media,Film,Reference,
armus,Music Score: Ref Adult/ya,ItemType,Print,Music Score,Reference,
arnp,Newspaper: Ref Adult/YA,ItemType,Print,Periodical,Reference,
arpam,Pamphlet: Ref Adult/ya,ItemType,Print,,Reference,
arper,Magazine: Ref Adult/ya,ItemType,Print,Periodical,Reference,
arphoto,Photographs: Ref Adult/ya,ItemType,Media,Art,Reference,
arpost,Poster: Ref Adult/YA,ItemType,Media,Art,Reference,
arrec,Record: Ref Adult/YA,ItemType,Media,Audio Disc,Reference,
arslide,Slides: Ref Adult/YA,ItemType,Media,Film,Reference,
arunkn,Other: Ref Adult/YA,ItemType,Print,,Reference,
arvhs,Video (VHS): Ref Adult/YA,ItemType,Media,Video Tape,Reference,
arvid,Video: Ref Adult/YA,ItemType,Media,Video Tape,Reference,
arweb,Web Site: Ref Adult/YA,ItemType,Electronic,,Reference,
atablet,Tablet computer,ItemType,Equipment,,,
bal,Ballard Branch,Location,,,,
bcbk,Book: Adult/Formerly No Fine,ItemType,Print,Book,,
bccas,Audio Tape: Speech Adult Formerly No Fine,ItemType,Media,Audio Tape,,
bccd,Book On CD: Rec Book Adult/Formerly No Fine,ItemType,Media,Audiobook Disc,,
bccdrom,CD-ROM: Adult/Formerly No Fine,ItemType,Media,Data Disc,,
bcdvd,DVD: Adult/Formerly No Fine,ItemType,Media,Video Disc,,
bckit,Kit: Adult Formerly No Fine,ItemType,Media,Kit,,
bcper,Magazine: Adult/Formerly No Fine,ItemType,Print,Periodical,,
bcvhs,Video (VHS): Adult/Formerly No Fine,ItemType,Media,Video Tape,,
bea,Beacon Hill Branch,Location,,,,
blvhs,Video (VHS): Adult/Formerly No Fine Multi Vol,ItemType,Media,Video Tape,,
bro,Broadview Branch,Location,,,,
caaero,Cs9-AERO Reference,ItemCollection,Print,Book,Reference,
caaeroc,Cs9-AERO Valmat,ItemCollection,Print,Book,Nonfiction,
caaeroo,Cs9-AERO Oversize,ItemCollection,Print,Book,Nonfiction,
caaerop,Cs9-AERO Periodicals,ItemCollection,Print,Book,Nonfiction,
caaerov,Cs9-AERO Valmat Oversize,ItemCollection,Print,Book,Nonfiction,
caatlas,CA9-Atlases,ItemCollection,Print,Book,Nonfiction,
cab,CA9-Biography,ItemCollection,Print,Book,Nonfiction,Biography
cabob,CA-Books on Bikes,ItemCollection,Print,Book,,
cabocd,"CA7-Books on CD, Fiction",ItemCollection,Media,Audiobook Disc,Fiction,
cabot,"CA3-Books on Tape, Fiction",ItemCollection,Media,Audiobook Tape,Fiction,
cabr,CA9-Biography - Ref,ItemCollection,Print,Book,Reference,Biography
cacasnf,"CA7-Cassettes, Nonfiction",ItemCollection,Media,Audio Tape,Nonfiction,
cacd,CA8-Music CD,ItemCollection,Media,Audio Disc,Nonfiction,
cacdnf,"CA7-Books on CD, Nonfiction",ItemCollection,Media,Audiobook Disc,Nonfiction,
cacdr,"CA7-CDROM, Nonfiction",ItemCollection,Media,Data Disc,Nonfiction,
cacdrr,"CS 6-CDROM, Reference (CS6)",ItemCollection,Media,Data Disc,Reference,
cacomic,CA3-Graphic Novels,ItemCollection,Print,Book,Fiction,Comic
cacon,CA7-Ref-Consumer,ItemCollection,Print,Book,Reference,
cadesk3,CS 3 - Ref Fiction,ItemCollection,Print,Book,Reference,
cadesk5,"CA5-RefDesk, GRS",ItemCollection,Print,Book,Reference,
cadesk6,"CA6-RefDesk, MNP",ItemCollection,Print,Book,Reference,
cadesk7,"CA7-RefDesk, BST",ItemCollection,Print,Book,Reference,
cadesk8,"CA8-RefDesk, ARL",ItemCollection,Print,Book,Reference,
cadesk9,"CA9-RefDesk, HTM",ItemCollection,Print,Book,Reference,
cadocmf,CA6-Microform - Documents,ItemCollection,Media,Document,,
cadocpt,CA6-Poster - DOC,ItemCollection,Media,Document,,
cadvd,"CA3-DVD, Fiction",ItemCollection,Media,Video Disc,Fiction,
cadvdnf,"CA7-DVD, Nonfiction",ItemCollection,Media,Video Disc,Nonfiction,
cadvdr,"CA6-DVD, Reference (CS6)",ItemCollection,Media,Video Disc,Reference,
caesl,CA1-ESL,ItemCollection,Print,Book,,
caesla,CA1-ESL Advanced,ItemCollection,Print,Book,,
caeslb,CA1-ESL Beginning,ItemCollection,Print,Book,,
caeslc,CA1-ESL Citizenship,ItemCollection,Print,Book,,
caesli,CA1-ESL Intermediate,ItemCollection,Print,Book,,
caeslr,CA1-ESL Reference,ItemCollection,Print,Book,Reference,
caeslt,CA1-ESL Teachers,ItemCollection,Print,Book,,
cafic,CA3-Fiction,ItemCollection,Print,Book,Fiction,
cafold,CA-Folder,ItemCollection,Print,Folder,,
cafund,CA7-Fundraising Reference,ItemCollection,Print,Book,,
cag,CA 9 Genealogy,ItemCollection,Print,Book,,
cagbi,CA9-Geneal. Bibliographies,ItemCollection,Print,Book,,
cagcdr,CA9-Genealogy CDROMs,ItemCollection,Media,Data Disc,,
cagd,CA 9 Genealogy Desk,ItemCollection,Print,Book,Reference,
cagmf,CA9-Microform,ItemCollection,Media,Film,,
cagr,CA 9 Ref Genealogy,ItemCollection,Print,Book,Reference,
cagrf,CA 9 Ref Genealogy Folio,ItemCollection,Print,Book,Reference,
cagro,CA 9 Ref Genealogy Oversize,ItemCollection,Print,Book,Reference,
cagrs,CA5-General Reference,ItemCollection,Print,Book,,
cagrsat,"CA5-Ref-Atlas, GRS",ItemCollection,Print,Book,,
caindex,CA6-Magazine Indexes,ItemCollection,Print,Book,,
cainter,CA6-International Reference,ItemCollection,Print,Book,,
cainv,CA7-Investment Reference,ItemCollection,Print,Book,,
cakitnf,"CA7-Kit, Nonfiction",ItemCollection,Media,Kit,Nonfiction,
calibr,CA8-Libretto File,ItemCollection,Print,Book,Nonfiction,
caln,CA1-Language,ItemCollection,Print,Book,Language,
calncas,"CA1-Cassette, Language",ItemCollection,Media,Audio Tape,Language,
calncd,"CA1-Compact Disc, Language",ItemCollection,Media,Audio Disc,Language,
calncdr,"CA1-CD-ROM, Language",ItemCollection,Media,Data Disc,Language,
calndvd,"CA1-DVD, Language",ItemCollection,Media,Video Disc,Language,
calnr,CA1-World Languages Reference,ItemCollection,Print,Book,Language,
calnvid,"CA1-Video, Language",ItemCollection,Media,Video Tape,Language,
calpfic,CA3-Large Print Fiction,ItemCollection,Print,Book,Fiction,Large Print
calpnew,CA3-Large Print New,ItemCollection,Print,Book,Fiction,Large Print
calpnf,CA3-Large Print Nonfiction,ItemCollection,Print,Book,Nonfiction,Large Print
camap,CA9-Map,ItemCollection,Print,Book,,
camapr,CA9-Map Room Atlases,ItemCollection,Print,Book,Reference,
camf,CA6-Microform,ItemCollection,Media,Film,,
camfr,CA8-Microform - Stacks,ItemCollection,Media,Film,,
camus,CA8-Music Score,ItemCollection,Print,Music Score,Nonfiction,
camys,CA3-Mystery,ItemCollection,Print,Book,Fiction,
canew,CA3-New Adult Books,ItemCollection,Print,Book,Fiction,
canf,CA-Nonfiction,ItemCollection,Print,Book,Nonfiction,
canp,CA6-Newspapers,ItemCollection,Print,Periodical,,
canplr,CA3-Living Room Newspapers,ItemCollection,Print,Periodical,,
canwart,CS 8 - NW Arts,ItemCollection,Print,Book,,
caover,CA-Oversize,ItemCollection,Print,Book,Nonfiction,
cap,Capitol Hill Branch,Location,,,,
caper,CA7-Periodicals,ItemCollection,Print,Periodical,,
caperal,CA6-Ref. Alcove Periodicals,ItemCollection,Print,Periodical,,
caperds,CA6-Current Magazine Display Shelves,ItemCollection,Print,Periodical,,
caperf,CA7-Folio Oversize Periodicals,ItemCollection,Print,Periodical,,
caperlr,CA3-Living Room Periodicals,ItemCollection,Print,Periodical,,
caperm,CA6-Microfilm-Periodicals,ItemCollection,Print,Periodical,,
capermf,CA6-Microform - Periodical,ItemCollection,Print,Periodical,,
capero,CA7-Oversize Periodicals,ItemCollection,Print,Periodical,,
capf,CA9-Play File,ItemCollection,Print,,Nonfiction,
capfskt,CA9-Play File: Skits,ItemCollection,Print,,Nonfiction,
capfxms,CA9-Play File: Christmas Plays,ItemCollection,Print,,Nonfiction,
capop,CA-Pop-Up Branches,ItemCollection,Print,Book,,
caread,CA1-READ,ItemCollection,Print,Book,,
careadr,CA5-Literacy Reference,ItemCollection,Print,Book,Reference,
carec,CA8-Phono Records,ItemCollection,Media,Audio Disc,Nonfiction,
caref,CA-Reference,ItemCollection,Print,Book,Reference,
caref7,CA7-SCT Room Reference,ItemCollection,Print,Book,Reference,
caref8,CA8-ARL Room Reference,ItemCollection,Print,Book,Reference,
caref9,CA9-HTM Room Reference,ItemCollection,Print,Book,Reference,
caref9f,CA9-HTM Folio Reference,ItemCollection,Print,Book,Reference,
carefo,"CA-Ref, Oversize",ItemCollection,Print,Book,Reference,
casbr,CA7-Small Business Reference,ItemCollection,Print,Book,Reference,
cascook,CA-Seattle Cooks,ItemCollection,Print,Book,,
casea,CA0-Seattle Coll.,ItemCollection,Print,Book,,
caseaat,CA0-Seattle Atlases,ItemCollection,Print,Book,,
caseaf,CA0-Seattle Room Folio,ItemCollection,Print,Book,,
caseam,CA8-Seattle Music,ItemCollection,Print,Book,,
caseamp,CA0-Seattle Room Map,ItemCollection,Print,Book,,
caseao,CA0-Seattle Room Oversize,ItemCollection,Print,Book,,
caseapm,CA0-Seattle Room Pamphlet File,ItemCollection,Print,Book,,
casear,CA0-Seattle Room Ref,ItemCollection,Print,Book,Reference,
casf,CA3-Science Fiction,ItemCollection,Print,Book,Fiction,
cash,CA9-Nonfiction Shakespeare S Call Nos.,ItemCollection,Print,Book,Nonfiction,
caslide,CS 8 - Slide,ItemCollection,Media,Film,,
casoft,CS 6 - Software,ItemCollection,Media,Data Disc,,
caspec,CA7-Specifications,ItemCollection,Print,Book,,
cass,CA3-Short Stories,ItemCollection,Print,Book,Fiction,
catele,CA5-Telephone,ItemCollection,Print,Book,,
caval,CA0-Valuable Material,ItemCollection,Print,Book,,
cavalo,CA0-Valuable Mater. Oversize,ItemCollection,Print,Book,,
cavid,"CA3-Video, Fiction",ItemCollection,Media,Video Tape,Fiction,
cavidad,"CA3-Video, Audio-Described",ItemCollection,Media,Video Tape,,
cavidnf,"CA7-Video, Nonfiction",ItemCollection,Media,Video Tape,Nonfiction,
cawa,CA0-WaAuthors,ItemCollection,Print,Book,Fiction,
cawest,CA3-Western,ItemCollection,Print,Book,Fiction,
ccaward,CC-Children's Newbery/Caldecott,ItemCollection,Print,Book,Fiction,
ccb,CC-Children's Biographies,ItemCollection,Print,Book,Nonfiction,Biography
ccbocd,CC-Children's Compact Discs,ItemCollection,Media,Audiobook Disc,Fiction,
ccbot,CC-Children's Books on Tape,ItemCollection,Media,Audiobook Tape,Fiction,
cccas,CC-Children's Cassettes,ItemCollection,Media,Audio Tape,,
cccd,CC-Children's Compact Discs,ItemCollection,Media,Audio Disc,Nonfiction,
cccomic,CC-Children's Comics,ItemCollection,Print,Book,Fiction,Comic
ccdesk,"CC-RefDesk, CHI",ItemCollection,Print,Book,Reference,
ccdvd,"CC-Children's DVD, Fiction",ItemCollection,Media,Video Disc,Fiction,
ccdvdnf,"CC-Children's DVD, Nonfiction",ItemCollection,Media,Video Disc,Nonfiction,
cceck,"CC-Kit, Begin With Books",ItemCollection,Print,Book,,
ccef,CC-Children's Easy Fiction,ItemCollection,Print,Book,Fiction,
ccfft,CC-Folk And Fairy Tales,ItemCollection,Print,Book,Nonfiction,
ccfic,CC-Children's Fiction,ItemCollection,Print,Book,Fiction,
cchol,CC-Children's Holiday,ItemCollection,Print,Book,Fiction,Holiday
xrpam,Pamphlet: Analytic Record,ItemType,Print,,,
cckit,CC-Children's Kit,ItemCollection,Media,Audio Disc,Nonfiction,
ccln,CC-Children's Languages,ItemCollection,Print,Book,Language,
cclpfic,CC-Children's Large Print,ItemCollection,Print,Book,Fiction,Large Print
ccnew,CC-Children's New Materials,ItemCollection,Print,Book,Nonfiction,
ccnf,CC-Children's Nonfiction,ItemCollection,Print,Book,Nonfiction,
ccper,CC-Children's Periodicals,ItemCollection,Print,Periodical,,
ccpic,CC-Children's Picture Books,ItemCollection,Print,Book,Fiction,Picture
ccrdr,CC-Children's Readers,ItemCollection,Print,Book,Fiction,Picture
ccref,CC-Children's Reference,ItemCollection,Print,Book,Reference,
ccser,CC-Children's Series,ItemCollection,Print,Book,Fiction,
ccsoft,CC-Children's Software,ItemCollection,Media,Data Disc,,
ccvid,"CC-Children's Video, Fiction",ItemCollection,Media,Video Tape,Fiction,
ccvidnf,"CC-Children's Video, Nonfiction",ItemCollection,Media,Video Tape,Nonfiction,
cen,Central Library,Location,,,,
ch1mapa,CH1 - MOB Parenting,ItemCollection,Print,Book,,
ch1mcpr,CH1 - MOB Pro/Storytelling,ItemCollection,Print,Book,,
ch1mcrf,CH1 - MOB Children's Reference,ItemCollection,Print,Book,,
ch1mcse,CH1 - Children's Seasonal,ItemCollection,Print,Book,,
col,Columbia Branch,Location,,,,
cs1fic,CS 3 - Fiction,ItemCollection,Print,Book,Fiction,
cs1l,CS 1 - Limit,ItemCollection,Print,Book,,
cs1lew,CS 1 - Language,ItemCollection,Print,Book,Language,
cs1lewr,CS 1 - Lang Ref,ItemCollection,Print,Book,Reference,
cs1mabi,CS 1 - Bifolkal Kits,ItemCollection,Media,Kit,,
cs1malf,CS 1 - MOB Large Print Fiction,ItemCollection,Print,Book,Fiction,
cs1malp,CS 1 - MOB Large Print Nonfiction,ItemCollection,Print,Book,Nonfiction,Large Print
cs1mapc,CS 1 - MOB Pictorials,ItemCollection,Print,Book,,
cs3fic,CS 3 - Fiction,ItemCollection,Print,Book,Fiction,
cs3mamy,CS 3 - MOB Mysteries,ItemCollection,Print,Book,Fiction,
cs6,CS 6,ItemCollection,Print,Book,,
cs6l,CS 6 - Limit,ItemCollection,Print,Book,,
cs6o,CS 6 - Oversize,ItemCollection,Print,Book,,
cs6per,CS 6 - Magazines,ItemCollection,Print,Periodical,,
cs6pero,"CS 6 - Magazines, Oversize",ItemCollection,Print,Periodical,,
cs6r,CS 6 - Ref,ItemCollection,Print,Book,Reference,
cs6rf,CS 6 - Ref Folio,ItemCollection,Print,Book,Reference,
cs6ro,CS 6 - Ref Oversize,ItemCollection,Print,Book,Reference,
cs6sof,CS 6 - Federal Depository Media,ItemCollection,Print,Book,,
cs6sofr,CS 6 - Ref Federal Depository Media,ItemCollection,Print,Book,Reference,
cs7,CS 7,ItemCollection,Print,Book,,
cs7a,CS 7 - Aero,ItemCollection,Print,Book,,
cs7ac,CS 7 - Aero Cross,ItemCollection,Print,Book,,
cs7ao,CS 7 - Aero Oversize,ItemCollection,Print,Book,,
cs7f,CS 7 - Folio,ItemCollection,Print,Book,,
cs7l,CS 7 - Limit,ItemCollection,Print,Book,,
cs7o,CS 7 - Oversize,ItemCollection,Print,Book,,
cs7r,CS 7 - Ref,ItemCollection,Print,Book,Reference,
cs7rf,CS 7 - Ref Folio,ItemCollection,Print,Book,Reference,
cs7ro,CS 7 - Ref Oversize,ItemCollection,Print,Book,Reference,
cs8,CS 8,ItemCollection,Print,Book,,
cs8f,CS 8 - Folio,ItemCollection,Print,Book,,
cs8l,CS 8 - Limit,ItemCollection,Print,Book,,
cs8o,CS 8 - Oversize,ItemCollection,Print,Book,,
cs8r,CS 8 - Reference,ItemCollection,Print,Book,Reference,
cs8rf,CS 8 - Ref Folio,ItemCollection,Print,Book,Reference,
cs8ro,CS 8 - Ref Oversize,ItemCollection,Print,Book,Reference,
cs8rx,CS 8 - Ref Extra-large,ItemCollection,Print,Book,Reference,
cs8x,CS 8 - Extra-large,ItemCollection,Print,Book,,
cs9,CS 9,ItemCollection,Print,Book,,
cs9g,REF-Ask at Level 9 Genealogy Desk (CS9G),ItemCollection,Print,Book,Reference,
cs9gf,REF-Ask at Level 9 Genealogy Desk (CS9Gf),ItemCollection,Print,Book,Reference,
cs9go,REF-Ask at Level 9 Genealogy Desk (CS9Go),ItemCollection,Print,Book,Reference,
cs9l,CS 9 - Limit,ItemCollection,Print,Book,,
cs9o,CS 9 - Oversize,ItemCollection,Print,Book,,
cs9r,CS 9 - Ref,ItemCollection,Print,Book,Reference,
cs9rf,CS 9 - Ref Folio,ItemCollection,Print,Book,Reference,
cs9ro,CS 9 - Ref Oversize,ItemCollection,Print,Book,Reference,
cs9s,CS 9 - Seattle,ItemCollection,Print,Book,,
cs9sf,CS 9 - Seattle Folio,ItemCollection,Print,Book,,
cs9so,CS 9 - Seattle Oversize,ItemCollection,Print,Book,,
cs9ssl,CS 9 - Seattle Short and Long,ItemCollection,Print,Book,,
cs9sxo,CS 9 - Seattle Extra Oversize,ItemCollection,Print,Book,,
cs9vf,CS 9 - Valmat Folio,ItemCollection,Print,Book,,
cspero,"CS 6 - Magazines, Oversize",ItemCollection,Print,Book,,
cyb,CY9-Teen Biography,ItemCollection,Print,Book,Nonfiction,Biography
cybocd,CY3-Teen Compact Disc,ItemCollection,Media,Audiobook Disc,Fiction,
cybot,CY3-Teen Books on Tape,ItemCollection,Media,Audiobook Tape,Fiction,
cycomic,CY3-Teen Comics & Graphic Novels,ItemCollection,Print,Book,Fiction,Comic
cyfic,CY3-Teen Fiction,ItemCollection,Print,Book,Fiction,
cylp,CY3-Teen Large Print,ItemCollection,Print,Book,Fiction,Large Print
cynew,CY3-Teen New Books,ItemCollection,Print,Book,Fiction,
cynf,CY-Teen Nonfiction,ItemCollection,Print,Book,Nonfiction,
cyper,CY3-Teen Periodicals,ItemCollection,Print,Periodical,,
cyref,CY3-Teen Reference,ItemCollection,Print,Book,Reference,
cyser,CY3-Teen Series,ItemCollection,Print,Book,Fiction,
dcillb,Ill Borrowed,ItemType,Print,,Interlibrary Loan,
dcilll,Ill Lending,ItemType,Print,,Interlibrary Loan,
dcord,On Order: Circulating Order,ItemType,Print,,,
dlr,Delridge Branch,Location,,,,
drbk,Book: Dummy Record,ItemType,Print,Book,,
drcdrom,CD-ROM: Dummy Holding,ItemType,Media,Data Disc,,
drmfc,Microfiche: Dummy Periodical,ItemType,Media,Film,,
drmfmnp,Microfilm: Dummy Newspaper,ItemType,Media,Film,,
drmfper,Microfilm: Dummy Periodical,ItemType,Media,Film,,
drnp,Newspaper: Dummy Record,ItemType,Print,Periodical,,
drord,On Order: Ref Order,ItemType,Print,,Reference,
drp1,*** Temporary ***,Location,,,,
drper,Magazine: Dummy Record,ItemType,Print,Periodical,,
drtest,Testing,ItemType,Print,,,
dth,Douglass-Truth Branch,Location,,,,
FA,Fast Add,ItemCollection,Print,,,
FA-BI,Fast Add - Bib_Item,ItemCollection,Print,,,
FA-I,Fast Add - Item,ItemCollection,Print,,,
fre,Fremont Branch,Location,,,,
glk,Green Lake Branch,Location,,,,
gwd,Greenwood Branch,Location,,,,
hip,High Point Branch,Location,,,,
HOTSPOT,Equipment: HOTSPOT,ItemTypeDetail,Equipment,,,
idc,International District/Chinatown Branch,Location,,,,
ill,Interlibrary Loan,Location,,,Interlibrary Loan,
jcbk,Book: Juv,ItemType,Print,Book,,
jccas,Audio Tape: Juv,ItemType,Media,Audio Tape,,
jccd,CD: Juv,ItemType,Media,Audio Disc,,
jccdrom,CD-ROM: Juv,ItemType,Media,Data Disc,,
jcdvd,DVD: Juv Circulating,ItemType,Media,Video Disc,,
jckit,Kit: Juv,ItemType,Media,Kit,,
jcmus,Song Book: Bound Juv,ItemType,Print,Book,,
jcrec,Record: Juv,ItemType,Media,Audio Disc,,
jcvhs,Video (VHS): Juv,ItemType,Media,Video Tape,,
jlvhs,Video (VHS): Juv Multi Vol,ItemType,Media,Video Tape,,
jrbk,Book: Ref Juv,ItemType,Print,Book,Reference,
jrcas,Audio Tape: Ref Juv,ItemType,Media,Audio Tape,Reference,
jrcd,CD: Ref Juv,ItemType,Media,Audio Disc,Reference,
jrdisk,Diskette: Ref Juv,ItemType,Media,Data Disc,Reference,
jrdvd,DVD: Ref Juv,ItemType,Media,Video Disc,Reference,
jrkit,Kit: Ref Juv,ItemType,Media,Kit,Reference,
jrmus,Song Book: Ref Juv,ItemType,Print,Book,Reference,
jrper,Magazine: Ref Juv,ItemType,Print,Periodical,Reference,
jrrec,Record: Ref Juv,ItemType,Media,Audio Disc,Reference,
jrvhs,Video (VHS): Ref Juv,ItemType,Media,Video Tape,Reference,
jrweb,Web Site: Ref Juv,ItemType,Electronic,,Reference,
lcy,Lake City Branch,Location,,,,
mag,Magnolia Branch,Location,,,,
mgm,Madrona-Sally Goldmark Branch,Location,,,,
mob,Mobile Services,Location,,,,
mon,Montlake Branch,Location,,,,
naaaart,AfAm - Picture,ItemCollection,Media,Art,,
naaab,AfAm - Biographies,ItemCollection,Print,Book,Nonfiction,Biography
naaafic,AfAm - Fiction,ItemCollection,Print,Book,Fiction,
naaafol,AfAm - Folder,ItemCollection,Media,Kit,,
naaanew,AfAm - New,ItemCollection,Print,Book,Fiction,
naaanf,AfAm - Nf,ItemCollection,Print,Book,Nonfiction,
naaapb,AfAm - Paperbacks,ItemCollection,Print,Book,Fiction,
naaar,AfAm - Reference,ItemCollection,Print,Book,Reference,
naaavf,AfAm - Vertical File,ItemCollection,Media,Kit,,
naaavid,AfAm - Videos,ItemCollection,Media,Video Tape,,
naart,NA-Framed Art,ItemCollection,Media,Art,,
naatlas,NA-Atlases,ItemCollection,Print,Book,Nonfiction,
naatlr,NA-Atlases - Reference,ItemCollection,Print,Book,Reference,
naauto,NA-Auto Collection,ItemCollection,Print,Book,Nonfiction,
naautor,NA-Auto Coll-Ref.,ItemCollection,Print,Book,Reference,
nab,NA-Biography,ItemCollection,Print,Book,Nonfiction,Biography
nabiflk,NA-Bifolkal Kits,ItemCollection,Media,Kit,,
nabocd,NA-Books in CD Format,ItemCollection,Media,Audiobook Disc,Fiction,
nabot,NA-Books On Tape,ItemCollection,Media,Audiobook Tape,Fiction,
nabr,NA-Biography - Reference,ItemCollection,Print,Book,Reference,Biography
nacas,NA-Audio Cassettes,ItemCollection,Media,Audio Tape,Fiction,
nacasnf,NA-Cassettes Nonfiction,ItemCollection,Media,Audio Tape,Nonfiction,
nacd,NA-Compact Discs,ItemCollection,Media,Audio Disc,Nonfiction,
nacdnf,"NA-Books on CD, Nonfiction",ItemCollection,Media,Audiobook Disc,Nonfiction,
nacdr,"NA-CD-ROM, Nonfiction",ItemCollection,Media,Data Disc,Nonfiction,
naclfic,NA-Classics (Fiction),ItemCollection,Print,Book,Fiction,
naclnf,NA-Classics (Nonfiction),ItemCollection,Print,Book,Nonfiction,
nacomic,NA-Comics/Graphic Novels,ItemCollection,Print,Book,Fiction,Comic
nacon,NA-Consumer,ItemCollection,Print,Book,Nonfiction,
naconr,NA-Consumer - Ref.,ItemCollection,Print,Book,Reference,
nacur,NA-Current,ItemCollection,Print,Book,,
nacurr,NA-Current - Reference,ItemCollection,Print,Book,Reference,
nadesk,NA-Reference Desk,ItemCollection,Print,Book,Reference,
nadoc,NA-Government Documents,ItemCollection,Print,Document,,
nadocl,NA-Local Docs,ItemCollection,Print,Document,,
nadocr,NA-Government Documents/Reference,ItemCollection,Print,Document,Reference,
nadvd,"NA-DVD, Fiction",ItemCollection,Media,Video Disc,Fiction,
nadvdnf,"NA-DVD, Nonfiction",ItemCollection,Media,Video Disc,Nonfiction,
naengr,Engravers,ItemCollection,Print,Book,,
naenv,NA-Environmental Center Collection,ItemCollection,Print,Book,,
naenvr,NA-Environ.Ctr.Coll/Ref,ItemCollection,Print,Book,Reference,
naesl,NA-Eng Second Lang,ItemCollection,Print,Book,,
naesla,NA-Eng Second Lang (Adv),ItemCollection,Print,Book,,
naeslar,NA-Eng Second Lang (Adv REF),ItemCollection,Print,Book,Reference,
naeslb,NA-Eng Second Lang (Beg),ItemCollection,Print,Book,,
naeslbr,NA-Eng Second Lang (Beg REF),ItemCollection,Print,Book,Reference,
naeslc,NA-ESL-Citizenship,ItemCollection,Print,Book,,
naesli,NA-Eng Second Lang (Int),ItemCollection,Print,Book,,
naeslir,NA-Eng Second Lang (Int REF),ItemCollection,Print,Book,Reference,
naeslr,NA-Eng Second Lang - Ref.,ItemCollection,Print,Book,Reference,
naeslt,NA-ESL-Materials For Teachers,ItemCollection,Print,Book,,
nafic,NA-Fiction,ItemCollection,Print,Book,Fiction,
naflpdr,USB Floppy Drive,ItemCollection,Equipment,,,
nafold,NA-Folder or Bag,ItemCollection,Media,Kit,,
naglc,NA-Gay/Lesbian Collection,ItemCollection,Print,Book,Nonfiction,
nahmwk,NA-Homework,ItemCollection,Print,Book,Nonfiction,
nahmwkr,NA-Homework - Ref.,ItemCollection,Print,Book,Reference,
nahol,NA-Holiday - Adult,ItemCollection,Print,Book,Fiction,Holiday
naholr,NA-Holiday - Adult - Ref,ItemCollection,Print,Book,Fiction,Holiday
naholsk,NA-Holiday - Adult - Stack,ItemCollection,Print,Book,Fiction,Holiday
nahome,NA-Home Improvement,ItemCollection,Print,Book,Nonfiction,
nainv,NA-Investment Collection,ItemCollection,Print,Book,Nonfiction,
nainvr,NA-Investment Coll. - Ref.,ItemCollection,Print,Book,Reference,
najob,NA-Job And Education,ItemCollection,Print,Book,Nonfiction,
najobr,NA-Job & Educ- Reference,ItemCollection,Print,Book,Reference,
nakit,NA-Adult Kits,ItemCollection,Media,Kit,,
nalas,NA-Laser Disc,ItemCollection,Media,Video Disc,,
nalasr,NA-Laser Disc - Ref,ItemCollection,Media,Video Disc,Reference,
nalh,NA-Local History/Archives,ItemCollection,Print,Book,,
naln,NA-Languages Collection,ItemCollection,Print,Book,Language,
nalndvd,NA-DVD World Languages,ItemCollection,Media,Video Disc,Language,
nalnpb,NA-Lang. Coll. Uncat. Pbk,ItemCollection,Print,Book,Language,
nalpfic,NA-Large Print Fiction,ItemCollection,Print,Book,Fiction,Large Print
nalpnew,NA-Large Print New,ItemCollection,Print,Book,Fiction,Large Print
nalpnf,NA-Large Print Nonfiction,ItemCollection,Print,Book,Nonfiction,Large Print
namar,NA-Marine Collection,ItemCollection,Print,Book,Nonfiction,
namarr,NA-Marine Coll. - Reference,ItemCollection,Print,Book,Reference,
namys,NA-Mysteries,ItemCollection,Print,Book,Fiction,
nana,NA-Native American,ItemCollection,Print,Book,Nonfiction,
nanar,NA-Native American - Ref.,ItemCollection,Print,Book,Reference,
nanew,NA-New Adult Books,ItemCollection,Print,Book,Fiction,
nanf,NA-Nonfiction,ItemCollection,Print,Book,Nonfiction,
nanrc,NA-Neighborhood Resource Center,ItemCollection,Print,Book,,
naover,NA-Oversize,ItemCollection,Print,Book,Nonfiction,
napamp,NA-Pamphlets,ItemCollection,Print,,,
napar,NA-Parenting,ItemCollection,Print,Book,Nonfiction,
naparr,NA-Ref Parenting,ItemCollection,Print,Book,,
napb,NA-Paperbacks,ItemCollection,Print,Book,Fiction,
napclb,NA-Computer Lab,ItemCollection,Print,Book,,
napclbr,NA-Computer Lab - Ref.,ItemCollection,Print,Book,Reference,
naper,NA-Periodical,ItemCollection,Print,Periodical,,
napersk,NA-Periodicals - Stack,ItemCollection,Print,Periodical,,
napf,NA-Play File,ItemCollection,Print,,Nonfiction,
napost,NA-Poster,ItemCollection,Media,Art,,
napro,NA-Adult Professional -Ref.,ItemCollection,Print,Book,Reference,
narc,NA-Readers' Corner,ItemCollection,Print,Book,,
narcr,NA-Readers' Corner - Ref.,ItemCollection,Print,Book,Reference,
naread,NA-READ,ItemCollection,Print,Book,,
narec,NA-Phono Records,ItemCollection,Media,Audio Disc,Nonfiction,
naref,NA-Reference,ItemCollection,Print,Book,Reference,
narefsl,NA-Reference Special Location,ItemCollection,Print,Book,Reference,
nasb,NA-Small Business Collection,ItemCollection,Print,Book,,
nasbr,NA-Small Business - Reference,ItemCollection,Print,Book,Reference,
nasf,NA-Sci-Fic/Fantasy,ItemCollection,Print,Book,Fiction,
nasoft,NA-Software,ItemCollection,media,Data Disc,,
nass,NA-Short Stories,ItemCollection,Print,Book,Fiction,
nastk,Stacks - Backroom,ItemCollection,Print,Book,,
nastkr,NA-Stacks - Ref.,ItemCollection,Print,Book,Reference,
nasur,NA-Surplus Storage,ItemCollection,Print,Book,,
natxt,NA-School Textbooks,ItemCollection,Print,Book,Nonfiction,
natxtr,NA-School Textbooks - Reference,ItemCollection,Print,Book,Reference,
navid,NA-Video Adult (VHS),ItemCollection,Media,Video Tape,,
navidg,NA-Video Guides,ItemCollection,Print,Book,Nonfiction,
navidgr,NA-Video Guides-Reference,ItemCollection,Print,Book,Reference,
navidnf,"NA-Video, Nonfiction (VHS)",ItemCollection,Media,Video Tape,Nonfiction,
nawest,NA-Westerns,ItemCollection,Print,Book,Fiction,
ncaa,Afam - Children's Circulating,ItemCollection,Print,Book,Nonfiction,
ncaafam,Afam - Child.Lit.Res/Ref,ItemCollection,Print,Book,Reference,
ncaavid,Afam - Juv. Video,ItemCollection,Media,Video Tape,Fiction,
ncaward,NC-Children's-Newbery/Caldecott,ItemCollection,Print,Book,Fiction,
ncb,NC-Children's Biographies,ItemCollection,Print,Book,Nonfiction,Biography
ncbb,NC-Children's Board Books,ItemCollection,Print,Book,Fiction,Picture
ncbocd,NC-Children's Books on CD,ItemCollection,Media,Audiobook Disc,Fiction,
ncbot,NC-Children's Bks on Tape,ItemCollection,Media,Audiobook Tape,Fiction,
nccas,NC-Children's Cassettes,ItemCollection,Media,Audio Tape,,
nccd,NC-Children's CDs,ItemCollection,Media,Audio Disc,Nonfiction,
nccomic,NC-Children's Comics,ItemCollection,Print,Book,Fiction,Comic
ncdvd,NC-Children's DVDs,ItemCollection,Media,Video Disc,Fiction,
ncdvdnf,"NC-Children's DVD, Nonfiction",ItemCollection,Media,Video Disc,Nonfiction,
nceck,NC-Early Child.Ed.Kit,ItemCollection,Media,Kit,,
ncedu,NC-Educator Shelf,ItemCollection,Print,Book,,
ncef,NC-Easy Fiction,ItemCollection,Print,Book,Fiction,
ncenf,NC-Easy Nonfiction,ItemCollection,Print,Book,Nonfiction,
ncesl,NC-Children's ESL,ItemCollection,Print,Book,,ESL
ncfft,NC-Folk And Fairy Tales,ItemCollection,Print,Book,Nonfiction,
ncfic,NC-Children's Fiction,ItemCollection,Print,Book,Fiction,
ncgold,Goldmark Collection,ItemCollection,Print,Book,,
nchol,NC-Children's Holiday,ItemCollection,Print,Book,Fiction,Holiday
ncholsk,NC-Children's Holiday-STK,ItemCollection,Print,Book,Fiction,Holiday
nckit,NC--Children's Kits,ItemCollection,Media,Kit,,
ncln,NC-Children's Languages,ItemCollection,Print,Book,Language,
nclp,NC-Children's Large Print,ItemCollection,Print,Book,Fiction,Large Print
ncna,NC-Children's Native American,ItemCollection,Print,Book,,
ncnew,NC-Children's New Materials,ItemCollection,Print,Book,Fiction,
ncnf,NC-Children's Nonfiction,ItemCollection,Print,Book,Nonfiction,
ncpb,NC-Children's Paperbacks,ItemCollection,Print,Book,Fiction,
ncper,NC-Children's Magazine,ItemCollection,Print,Periodical,,
ncpic,NC--Children's Picture Books,ItemCollection,Print,Book,Fiction,Picture
ncpro,NC--Children's Professional,ItemCollection,Print,Book,,
ncrdr,NC--Children's Readers,ItemCollection,Print,Book,Fiction,Picture
ncrec,NC-Children's Records,ItemCollection,Media,Audio Disc,Nonfiction,
ncref,NC--Children's Reference,ItemCollection,Print,Book,Reference,
ncseas,NC--Children's Seasonal,ItemCollection,Print,Book,Fiction,Holiday
ncser,NC-Children's Series,ItemCollection,Print,Book,Fiction,
ncsoft,NC-Children's Software,ItemCollection,Media,Data Disc,,
ncspec,NC-Children's Special Collection(s),ItemCollection,Print,Book,,
ncsub,NC--Children's Subject Kits,ItemCollection,Media,Kit,,
nctoy,NC-Children's Toys,ItemCollection,Media,,,
ncvid,NC-Children's Videos,ItemCollection,Media,Video Tape,Fiction,
ncvidnf,"NC-Children's Video, Nonfiction",ItemCollection,Media,Video Tape,Nonfiction,
net,Northeast Branch,Location,,,,
nga,Northgate Branch,Location,,,,
nhy,NewHolly Branch,Location,,,,
nxanal,NA-Analytics Dummy,ItemCollection,Print,,,
nyb,NY-Teen - Biography,ItemCollection,Print,Book,Nonfiction,Biography
nybocd,NY-Teen - Books on CD,ItemCollection,Media,Audiobook Disc,Fiction,
nybot,NY-Teen - Books on Tape,ItemCollection,Media,Audiobook Tape,Fiction,
nycomic,NY-Teen - Comics & Graphic Novels,ItemCollection,Print,Book,Fiction,Comic
nyfic,NY-Teen - Fiction,ItemCollection,Print,Book,Fiction,
nylp,NY-Teen Large Print,ItemCollection,Print,Book,Fiction,Large Print
nynew,NY-Teen - New Books,ItemCollection,Print,Book,Fiction,
nynf,NY-Teen - Nonfiction,ItemCollection,Print,Book,Nonfiction,
nypb,NY-Teen Paperbacks,ItemCollection,Print,Book,Fiction,
nyref,NY-Teen - Reference,ItemCollection,Print,Book,Reference,
nyser,NY-Teen Series,ItemCollection,Print,Book,Fiction,
out,Outreach,Location,,,,
peakfic,Peak Picks Fiction,ItemCollection,Print,Book,Fiction,
peaknf,Peak Picks-Nonfiction,ItemCollection,Print,Book,Nonfiction,
pkbknh,Peak Picks Book,ItemType,Print,Book,Fiction,Peak Picks
pkfic,Peak Picks Fiction,ItemCollection,Print,Book,Fiction,Peak Picks
pknf,Peak Picks-Nonfiction,ItemCollection,Print,Book,Nonfiction,Peak Picks
qas,Storage - Ask At Desk,Location,,,,
qna,Queen Anne Branch,Location,,,,
qsper,QAS Periodicals,ItemCollection,Print,Periodical,,
qspero,QAS Periodicals - Oversize,ItemCollection,Print,Periodical,,
qsref,QAS Reference,ItemCollection,Print,Book,Reference,
rbe,Rainier Beach Branch,Location,,,,
scbk,Online Resource--Children's,ItemCollection,Electronic,,,
scmed,Video Or Dvd: Short Circ Period,ItemType,Media,Video Disc,,
scorder,Kids On Order,ItemCollection,Print,,On Order,
sebk,Online Resource,ItemCollection,Electronic,,,
sedoc,Gov Docs - Online Only,ItemCollection,Electronic,Document,,
seorder,On Order,ItemCollection,Print,,On Order,
spa,South Park Branch,Location,,,,
stak,Unavailable: [do Not Use!!!],Location,,,,
swbib,Catalog,ItemCollection,Print,,,
swbrs,Borrower Services,ItemCollection,Print,,,
swill,Interlibrary Loan,ItemCollection,Print,,Interlibrary Loan,
swper,Remote Annex - Periodicals,ItemCollection,Print,Periodical,,
swprsrv,Preservation,ItemCollection,Print,,,
swser,Serials--Staff Ops. Copy,ItemCollection,Print,,,
swstfop,Staff Operation In Process,ItemCollection,Print,,,
swt,Southwest Branch,Location,,,,
swtest,Test - DO NOT USE,ItemCollection,Print,,,
sxanal,CA-Analytics Dummy,ItemCollection,Print,,,
sxcdr,CD-ROM Analytic - Dummy,ItemCollection,Media,Data Disc,,
sxdmya,DO NOT USE - ACQ Dummy For Serials,ItemCollection,Print,Periodical,,
sxdmyb,"CAT Dummy For Anals,Series,Etc.",ItemCollection,Print,,,
sxper,Branch Periodical Copy Record,ItemCollection,Print,Periodical,,
sybk,Online Resource--Teen,ItemCollection,Electronic,,,
syorder,Teen On Order,ItemCollection,Print,,On Order,
tcs,Tech. & Coll. Srvcs Dept (Central),Location,,,,
ucflpdr,USB Floppy Drive,ItemType,Equipment,,,
ucfold,Uncataloged Folder,ItemType,Print,Kit,,
ucunkn,Uncataloged Material,ItemType,Print,Book,,
ucunknj,Uncataloged Juv Mat,ItemType,Print,Book,,
uni,University Branch,Location,,,,
unk,Unknown collection for item creation,ItemCollection,Print,,,
unk,Unknown itype for item creation,ItemType,Print,,,
unkn,Qas-use Limited To Central Library,ItemCollection,Print,,,
wabk,WTBBL-Standard Book,ItemCollection,Print,Book,,
wal,Wallingford Branch,Location,,,,
walp,WTBBL-Large Print,ItemCollection,Print,Book,,Large Print
walpper,WTBBL--Large Print/Magazine,ItemCollection,Print,Periodical,,Large Print
wcbk,WTBBL--Children's Collection,ItemCollection,Print,Book,,
wlb,Wa Talking Book And Braille Library,Location,,,,
wts,West Seattle Branch,Location,,,,
wylp,WTBBL-Large Print - YA,ItemCollection,Print,Book,,Large Print
xrbk,Part of Book: Analytic Record,ItemType,Print,Book,,
xrcdrom,Part of CD-ROM: Analytic Record,ItemType,Media,Data Disc,,
xrmus,Music Score: Analytic Bound,ItemType,Print,Music Score,,
xrper,Mag Article: Analytic Record,ItemType,Print,Periodical,,
xrvhs,Video (VHS): Analytic Record,ItemType,Media,Video Tape,,
